,Bacteroidetes,Firmicutes,Actinobacteria,Tenericutes,Proteobacteria,Verrucomicrobia,Cyanobacteria,,,,,,,,,,,,,,,,,,,
,Violin,Bassoon,Oboe,Viola,Clarinet,Flute,Horn,,,,,,,,,,,,,,,,,,,
,,,,,,,,,,,,,,,,,,,,,,,,,,
1,29.23%,64.32%,2.92%,2.51%,0.97%,0.00%,0.04%,,,,,,,,,,,,,,,,,,,
2,23.47%,65.02%,7.03%,3.71%,0.73%,0.00%,0.02%,,,,,,,,,,,,,,,,,,,
3,25.28%,64.80%,6.33%,2.84%,0.74%,0.00%,0.01%,,,,,,,,,,,,,,,,,,,
4,0.00%,5.46%,14.41%,0.00%,71.65%,0.00%,8.47%,,,,,,,,,,,,,,,,,,,
5,26.36%,65.16%,7.86%,0.46%,0.14%,0.00%,0.02%,,,,,,,,,,,,,,,,,,,
6,26.40%,64.39%,7.66%,1.23%,0.29%,0.00%,0.03%,,,,,,,,,,,,,,,,,,,
7,48.55%,45.61%,1.94%,1.92%,1.98%,0.00%,0.00%,,,,,,,,,,,,,,,,,,,
8,14.64%,75.10%,3.95%,5.55%,0.74%,0.00%,0.02%,,,,,,,,,,,,,,,,,,,
9,12.78%,68.74%,7.57%,9.36%,1.56%,0.00%,0.00%,,,,,,,,,,,,,,,,,,,
10,22.13%,62.57%,9.37%,5.01%,0.93%,0.00%,0.00%,,,,,,,,,,,,,,,,,,,
11,10.94%,74.03%,10.42%,4.20%,0.41%,0.00%,0.00%,,,,,,,,,,,,,,,,,,,
12,31.09%,56.28%,8.77%,3.64%,0.22%,0.00%,0.00%,,,,,,,,,,,,,,,,,,,
13,0.00%,100.00%,0.00%,0.00%,0.00%,0.00%,0.00%,,,,,,,,,,,,,,,,,,,
14,42.68%,48.40%,4.52%,1.84%,2.47%,0.00%,0.09%,,,,,,,,,,,,,,,,,,,
15,23.38%,66.83%,5.50%,4.00%,0.29%,0.00%,0.00%,,,,,,,,,,,,,,,,,,,
16,34.04%,59.65%,1.61%,3.03%,1.64%,0.00%,0.00%,,,,,,,,,,,,,,,,,,,
17,22.99%,58.93%,6.59%,2.59%,8.88%,0.00%,0.00%,,,,,,,,,,,,,,,,,,,
18,37.51%,53.33%,5.77%,2.09%,1.29%,0.00%,0.00%,,,,,,,,,,,,,,,,,,,
19,28.48%,56.11%,7.28%,5.93%,2.20%,0.00%,0.00%,,,,,,,,,,,,,,,,,,,
20,25.52%,62.39%,10.01%,1.44%,0.64%,0.00%,0.00%,,,,,,,,,,,,,,,,,,,
21,7.28%,69.26%,12.88%,1.20%,9.38%,0.00%,0.00%,,,,,,,,,,,,,,,,,,,
22,24.14%,64.42%,8.73%,2.06%,0.65%,0.00%,0.00%,,,,,,,,,,,,,,,,,,,
23,32.17%,58.95%,3.11%,4.83%,0.85%,0.00%,0.10%,,,,,,,,,,,,,,,,,,,
24,21.26%,67.38%,7.76%,3.23%,0.36%,0.00%,0.00%,,,,,,,,,,,,,,,,,,,
25,22.44%,64.15%,3.12%,8.12%,2.16%,0.00%,0.01%,,,,,,,,,,,,,,,,,,,
26,31.63%,56.59%,5.60%,5.54%,0.63%,0.00%,0.00%,,,,,,,,,,,,,,,,,,,
27,28.47%,57.52%,6.39%,6.40%,1.21%,0.00%,0.00%,,,,,,,,,,,,,,,,,,,
28,0.42%,81.27%,12.83%,4.89%,0.58%,0.00%,0.00%,,,,,,,,,,,,,,,,,,,
29,27.81%,61.04%,7.63%,2.20%,1.30%,0.00%,0.02%,,,,,,,,,,,,,,,,,,,
30,8.44%,79.57%,8.05%,3.83%,0.11%,0.00%,0.00%,,,,,,,,,,,,,,,,,,,
31,22.08%,55.52%,3.82%,17.90%,0.67%,0.00%,0.00%,,,,,,,,,,,,,,,,,,,
32,14.45%,68.90%,9.75%,6.43%,0.47%,0.00%,0.00%,,,,,,,,,,,,,,,,,,,
33,21.76%,64.86%,4.12%,9.19%,0.07%,0.00%,0.00%,,,,,,,,,,,,,,,,,,,
34,19.16%,67.80%,7.52%,5.40%,0.11%,0.00%,0.00%,,,,,,,,,,,,,,,,,,,
35,30.55%,56.83%,9.11%,3.10%,0.41%,0.00%,0.00%,,,,,,,,,,,,,,,,,,,
36,0.00%,0.00%,0.00%,0.00%,0.00%,0.00%,100.00%,,,,,,,,,,,,,,,,,,,
37,27.40%,64.72%,4.72%,1.77%,1.38%,0.00%,0.00%,,,,,,,,,,,,,,,,,,,
38,27.25%,59.23%,6.71%,4.70%,2.11%,0.00%,0.00%,,,,,,,,,,,,,,,,,,,
39,20.20%,67.65%,8.00%,3.64%,0.52%,0.00%,0.00%,,,,,,,,,,,,,,,,,,,
40,34.36%,56.88%,6.40%,1.54%,0.82%,0.00%,0.00%,,,,,,,,,,,,,,,,,,,
41,30.15%,59.03%,7.11%,2.96%,0.74%,0.00%,0.00%,,,,,,,,,,,,,,,,,,,
42,20.09%,61.96%,15.67%,1.02%,1.26%,0.00%,0.01%,,,,,,,,,,,,,,,,,,,
43,12.94%,72.78%,11.34%,2.05%,0.89%,0.00%,0.00%,,,,,,,,,,,,,,,,,,,
44,24.58%,59.53%,10.25%,5.05%,0.59%,0.00%,0.00%,,,,,,,,,,,,,,,,,,,
45,5.13%,73.45%,9.64%,10.78%,1.00%,0.00%,0.00%,,,,,,,,,,,,,,,,,,,
46,1.95%,69.93%,6.63%,17.50%,3.98%,0.00%,0.00%,,,,,,,,,,,,,,,,,,,
47,16.52%,71.51%,4.58%,6.52%,0.85%,0.00%,0.00%,,,,,,,,,,,,,,,,,,,
48,7.82%,78.45%,7.86%,5.24%,0.63%,0.00%,0.00%,,,,,,,,,,,,,,,,,,,
49,4.94%,69.16%,10.85%,14.26%,0.79%,0.00%,0.00%,,,,,,,,,,,,,,,,,,,
50,20.73%,67.74%,9.02%,2.10%,0.40%,0.00%,0.00%,,,,,,,,,,,,,,,,,,,
51,24.40%,62.23%,11.46%,0.97%,0.94%,0.00%,0.00%,,,,,,,,,,,,,,,,,,,
52,19.98%,67.90%,10.54%,1.33%,0.26%,0.00%,0.00%,,,,,,,,,,,,,,,,,,,
53,14.07%,71.53%,10.66%,3.06%,0.68%,0.00%,0.00%,,,,,,,,,,,,,,,,,,,
54,7.86%,71.01%,7.11%,10.74%,3.28%,0.00%,0.00%,,,,,,,,,,,,,,,,,,,
55,30.63%,58.21%,8.56%,1.70%,0.89%,0.00%,0.00%,,,,,,,,,,,,,,,,,,,
56,21.15%,67.09%,8.04%,3.06%,0.67%,0.00%,0.00%,,,,,,,,,,,,,,,,,,,
57,12.57%,71.09%,10.51%,5.41%,0.42%,0.00%,0.00%,,,,,,,,,,,,,,,,,,,
58,11.55%,73.42%,7.17%,7.47%,0.38%,0.00%,0.00%,,,,,,,,,,,,,,,,,,,
59,27.32%,56.48%,11.00%,4.79%,0.41%,0.00%,0.00%,,,,,,,,,,,,,,,,,,,
60,10.82%,62.38%,16.22%,5.14%,5.42%,0.00%,0.02%,,,,,,,,,,,,,,,,,,,
61,23.18%,61.91%,9.73%,3.01%,2.16%,0.00%,0.00%,,,,,,,,,,,,,,,,,,,
62,31.91%,59.05%,6.84%,1.56%,0.63%,0.00%,0.00%,,,,,,,,,,,,,,,,,,,
63,38.46%,61.54%,0.00%,0.00%,0.00%,0.00%,0.00%,,,,,,,,,,,,,,,,,,,
64,23.84%,63.50%,3.01%,7.80%,1.84%,0.00%,0.00%,,,,,,,,,,,,,,,,,,,
65,22.61%,62.18%,6.85%,7.33%,1.02%,0.00%,0.00%,,,,,,,,,,,,,,,,,,,
66,11.60%,72.21%,8.06%,7.82%,0.30%,0.00%,0.00%,,,,,,,,,,,,,,,,,,,
67,28.00%,58.29%,6.41%,6.80%,0.50%,0.00%,0.00%,,,,,,,,,,,,,,,,,,,
68,35.45%,58.12%,2.02%,3.16%,1.25%,0.00%,0.00%,,,,,,,,,,,,,,,,,,,
69,53.67%,41.75%,0.79%,2.64%,1.15%,0.00%,0.00%,,,,,,,,,,,,,,,,,,,
70,20.50%,71.40%,1.12%,2.68%,4.28%,0.00%,0.03%,,,,,,,,,,,,,,,,,,,
71,38.84%,48.33%,5.89%,5.35%,1.59%,0.00%,0.00%,,,,,,,,,,,,,,,,,,,
72,13.37%,73.57%,4.64%,5.73%,2.68%,0.00%,0.00%,,,,,,,,,,,,,,,,,,,
73,45.21%,44.24%,1.02%,2.36%,7.14%,0.00%,0.00%,,,,,,,,,,,,,,,,,,,
74,35.66%,46.45%,0.65%,4.95%,12.29%,0.00%,0.00%,,,,,,,,,,,,,,,,,,,
75,60.91%,37.45%,0.36%,0.75%,0.01%,0.52%,0.00%,,,,,,,,,,,,,,,,,,,
76,21.13%,63.50%,1.88%,2.95%,9.88%,0.31%,0.32%,,,,,,,,,,,,,,,,,,,
77,27.69%,60.49%,2.30%,3.51%,5.17%,0.64%,0.00%,,,,,,,,,,,,,,,,,,,
78,12.65%,70.49%,0.74%,6.38%,9.72%,0.00%,0.00%,,,,,,,,,,,,,,,,,,,
79,39.72%,49.87%,0.17%,1.33%,8.90%,0.00%,0.00%,,,,,,,,,,,,,,,,,,,
80,9.85%,67.16%,0.45%,4.89%,17.65%,0.00%,0.00%,,,,,,,,,,,,,,,,,,,
81,36.20%,47.07%,0.27%,0.57%,11.18%,0.00%,0.00%,,,,,,,,,,,,,,,,,,,
82,21.79%,37.74%,0.24%,2.73%,37.40%,0.00%,0.01%,,,,,,,,,,,,,,,,,,,
83,2.85%,55.77%,0.66%,11.61%,28.99%,0.00%,0.00%,,,,,,,,,,,,,,,,,,,
84,26.26%,36.71%,0.10%,6.50%,30.14%,0.00%,0.00%,,,,,,,,,,,,,,,,,,,
85,6.95%,60.17%,2.68%,18.11%,12.06%,0.00%,0.00%,,,,,,,,,,,,,,,,,,,
86,25.60%,68.49%,3.83%,1.73%,0.34%,0.00%,0.00%,,,,,,,,,,,,,,,,,,,
87,29.40%,26.00%,0.07%,4.73%,38.50%,0.00%,0.00%,,,,,,,,,,,,,,,,,,,
88,37.14%,35.80%,0.02%,2.11%,22.59%,0.00%,0.00%,,,,,,,,,,,,,,,,,,,
89,38.82%,32.04%,0.08%,1.02%,24.51%,0.00%,0.00%,,,,,,,,,,,,,,,,,,,
90,42.62%,34.04%,0.14%,1.17%,20.15%,0.00%,0.00%,,,,,,,,,,,,,,,,,,,
91,0.89%,1.59%,0.00%,0.18%,97.25%,0.00%,0.00%,,,,,,,,,,,,,,,,,,,
92,13.65%,59.34%,2.16%,10.10%,14.63%,0.00%,0.00%,,,,,,,,,,,,,,,,,,,
93,29.75%,48.92%,1.11%,4.40%,15.69%,0.00%,0.00%,,,,,,,,,,,,,,,,,,,
94,30.87%,48.64%,0.21%,2.90%,17.19%,0.00%,0.00%,,,,,,,,,,,,,,,,,,,
95,49.26%,40.63%,0.33%,3.71%,6.07%,0.00%,0.00%,,,,,,,,,,,,,,,,,,,
96,40.55%,48.07%,0.48%,2.58%,8.28%,0.00%,0.04%,,,,,,,,,,,,,,,,,,,
97,34.11%,54.09%,0.90%,4.27%,6.59%,0.00%,0.00%,,,,,,,,,,,,,,,,,,,
98,47.24%,43.17%,0.86%,2.41%,6.22%,0.00%,0.00%,,,,,,,,,,,,,,,,,,,
99,36.92%,46.58%,2.12%,2.38%,11.96%,0.00%,0.00%,,,,,,,,,,,,,,,,,,,
100,19.81%,53.78%,4.85%,7.94%,13.61%,0.00%,0.00%,,,,,,,,,,,,,,,,,,,
101,44.63%,39.40%,1.66%,2.63%,11.66%,0.00%,0.01%,,,,,,,,,,,,,,,,,,,
102,13.03%,41.60%,0.14%,0.29%,44.75%,0.00%,0.00%,,,,,,,,,,,,,,,,,,,
103,25.11%,65.31%,6.16%,2.57%,0.85%,0.00%,0.00%,,,,,,,,,,,,,,,,,,,
104,33.40%,32.74%,0.13%,2.89%,30.76%,0.00%,0.02%,,,,,,,,,,,,,,,,,,,
105,11.01%,25.26%,0.15%,0.07%,63.44%,0.00%,0.01%,,,,,,,,,,,,,,,,,,,
106,42.87%,30.23%,0.38%,1.24%,19.98%,0.00%,0.03%,,,,,,,,,,,,,,,,,,,
107,26.32%,60.56%,0.33%,1.70%,9.92%,0.00%,0.00%,,,,,,,,,,,,,,,,,,,
108,29.98%,27.65%,0.21%,0.90%,36.75%,0.00%,0.01%,,,,,,,,,,,,,,,,,,,
109,54.73%,30.44%,0.43%,0.84%,10.68%,0.00%,0.00%,,,,,,,,,,,,,,,,,,,
110,27.29%,48.95%,3.64%,1.10%,18.68%,0.00%,0.00%,,,,,,,,,,,,,,,,,,,
111,26.15%,59.38%,3.24%,2.32%,8.65%,0.00%,0.02%,,,,,,,,,,,,,,,,,,,
112,44.30%,46.45%,0.62%,2.31%,5.96%,0.00%,0.00%,,,,,,,,,,,,,,,,,,,
113,27.86%,64.75%,1.72%,3.86%,1.78%,0.00%,0.00%,,,,,,,,,,,,,,,,,,,
114,33.16%,49.48%,0.64%,5.34%,11.36%,0.00%,0.00%,,,,,,,,,,,,,,,,,,,
115,32.94%,55.62%,2.53%,5.64%,3.26%,0.00%,0.00%,,,,,,,,,,,,,,,,,,,
116,24.84%,58.62%,2.05%,8.05%,6.42%,0.00%,0.00%,,,,,,,,,,,,,,,,,,,
117,33.99%,46.47%,0.35%,2.68%,16.47%,0.00%,0.00%,,,,,,,,,,,,,,,,,,,
118,28.53%,55.37%,2.25%,4.22%,9.62%,0.00%,0.00%,,,,,,,,,,,,,,,,,,,
119,50.00%,50.00%,0.00%,0.00%,0.00%,0.00%,0.00%,,,,,,,,,,,,,,,,,,,
120,41.23%,49.64%,2.56%,3.17%,3.38%,0.00%,0.02%,,,,,,,,,,,,,,,,,,,
121,18.11%,70.34%,1.61%,4.61%,5.31%,0.00%,0.00%,,,,,,,,,,,,,,,,,,,
122,21.22%,64.21%,9.59%,2.81%,2.15%,0.00%,0.00%,,,,,,,,,,,,,,,,,,,
123,21.38%,64.77%,11.25%,1.27%,1.32%,0.00%,0.00%,,,,,,,,,,,,,,,,,,,
124,31.20%,60.87%,5.66%,1.13%,1.11%,0.00%,0.02%,,,,,,,,,,,,,,,,,,,
125,45.57%,46.39%,1.47%,2.75%,3.82%,0.00%,0.00%,,,,,,,,,,,,,,,,,,,
126,40.38%,54.15%,0.94%,2.19%,2.34%,0.00%,0.00%,,,,,,,,,,,,,,,,,,,
127,18.67%,70.07%,4.96%,4.62%,1.68%,0.00%,0.00%,,,,,,,,,,,,,,,,,,,
128,35.94%,55.04%,6.77%,1.88%,0.37%,0.00%,0.00%,,,,,,,,,,,,,,,,,,,
129,23.76%,64.19%,7.50%,3.27%,1.28%,0.00%,0.00%,,,,,,,,,,,,,,,,,,,
130,17.06%,72.12%,6.21%,4.38%,0.23%,0.00%,0.00%,,,,,,,,,,,,,,,,,,,
131,33.76%,55.67%,6.09%,4.28%,0.19%,0.00%,0.00%,,,,,,,,,,,,,,,,,,,
132,41.22%,52.59%,4.14%,1.31%,0.74%,0.00%,0.00%,,,,,,,,,,,,,,,,,,,
133,16.91%,68.59%,8.20%,5.57%,0.72%,0.00%,0.00%,,,,,,,,,,,,,,,,,,,
134,31.89%,57.34%,4.68%,5.17%,0.92%,0.00%,0.00%,,,,,,,,,,,,,,,,,,,
135,21.34%,67.06%,5.24%,6.17%,0.19%,0.00%,0.00%,,,,,,,,,,,,,,,,,,,
136,27.37%,62.94%,5.84%,3.37%,0.47%,0.00%,0.00%,,,,,,,,,,,,,,,,,,,
137,0.03%,2.71%,2.13%,0.02%,95.10%,0.00%,0.00%,,,,,,,,,,,,,,,,,,,
138,39.65%,53.93%,1.56%,2.92%,1.94%,0.00%,0.01%,,,,,,,,,,,,,,,,,,,
139,48.96%,45.56%,2.07%,1.93%,1.43%,0.00%,0.05%,,,,,,,,,,,,,,,,,,,
140,36.29%,55.91%,4.83%,2.20%,0.77%,0.00%,0.00%,,,,,,,,,,,,,,,,,,,
141,31.91%,54.94%,9.96%,2.83%,0.35%,0.00%,0.00%,,,,,,,,,,,,,,,,,,,
142,19.51%,70.00%,5.07%,3.09%,2.31%,0.00%,0.02%,,,,,,,,,,,,,,,,,,,
143,19.53%,63.73%,6.07%,9.19%,1.47%,0.00%,0.00%,,,,,,,,,,,,,,,,,,,
144,38.31%,54.97%,1.27%,2.80%,2.64%,0.00%,0.00%,,,,,,,,,,,,,,,,,,,
145,40.76%,54.12%,1.04%,2.32%,1.73%,0.00%,0.02%,,,,,,,,,,,,,,,,,,,
146,100.00%,0.00%,0.00%,0.00%,0.00%,0.00%,0.00%,,,,,,,,,,,,,,,,,,,
147,41.32%,52.94%,2.32%,2.39%,1.03%,0.00%,0.00%,,,,,,,,,,,,,,,,,,,
148,37.85%,55.87%,2.31%,3.56%,0.39%,0.00%,0.02%,,,,,,,,,,,,,,,,,,,
149,30.08%,60.82%,4.05%,3.03%,2.01%,0.00%,0.00%,,,,,,,,,,,,,,,,,,,
150,50.84%,44.03%,1.88%,1.87%,1.39%,0.00%,0.00%,,,,,,,,,,,,,,,,,,,
151,40.94%,53.27%,3.24%,2.00%,0.55%,0.00%,0.00%,,,,,,,,,,,,,,,,,,,
152,19.75%,68.25%,8.84%,1.73%,1.40%,0.00%,0.03%,,,,,,,,,,,,,,,,,,,
153,19.49%,67.32%,9.00%,2.66%,1.52%,0.00%,0.00%,,,,,,,,,,,,,,,,,,,
154,40.31%,49.43%,5.39%,4.13%,0.74%,0.00%,0.00%,,,,,,,,,,,,,,,,,,,
155,40.58%,51.55%,1.75%,2.61%,3.51%,0.00%,0.00%,,,,,,,,,,,,,,,,,,,
156,41.00%,52.86%,2.75%,2.34%,1.04%,0.00%,0.00%,,,,,,,,,,,,,,,,,,,
157,38.21%,55.17%,2.39%,2.25%,1.97%,0.00%,0.00%,,,,,,,,,,,,,,,,,,,
158,41.75%,52.47%,1.57%,2.21%,1.97%,0.00%,0.03%,,,,,,,,,,,,,,,,,,,
159,35.40%,53.87%,2.64%,5.41%,2.67%,0.00%,0.00%,,,,,,,,,,,,,,,,,,,
160,23.27%,61.95%,4.04%,7.07%,3.67%,0.00%,0.00%,,,,,,,,,,,,,,,,,,,
161,28.96%,57.52%,8.98%,3.41%,1.12%,0.00%,0.00%,,,,,,,,,,,,,,,,,,,
162,32.68%,54.57%,8.89%,3.16%,0.71%,0.00%,0.00%,,,,,,,,,,,,,,,,,,,
163,25.33%,63.39%,6.49%,4.04%,0.73%,0.00%,0.00%,,,,,,,,,,,,,,,,,,,
164,71.28%,23.84%,0.37%,0.61%,3.90%,0.00%,0.00%,,,,,,,,,,,,,,,,,,,
165,44.56%,48.89%,1.20%,3.73%,1.62%,0.00%,0.00%,,,,,,,,,,,,,,,,,,,
166,5.86%,76.52%,13.06%,3.12%,1.44%,0.00%,0.00%,,,,,,,,,,,,,,,,,,,
167,36.15%,54.06%,4.02%,4.59%,1.18%,0.00%,0.00%,,,,,,,,,,,,,,,,,,,
168,19.69%,61.34%,8.82%,8.46%,1.69%,0.00%,0.00%,,,,,,,,,,,,,,,,,,,
169,19.28%,62.05%,14.11%,4.12%,0.44%,0.00%,0.00%,,,,,,,,,,,,,,,,,,,
170,34.03%,54.16%,5.35%,5.88%,0.57%,0.00%,0.00%,,,,,,,,,,,,,,,,,,,
171,25.92%,57.58%,5.03%,10.07%,1.40%,0.00%,0.00%,,,,,,,,,,,,,,,,,,,
172,22.10%,63.04%,4.75%,9.16%,0.95%,0.00%,0.00%,,,,,,,,,,,,,,,,,,,
173,14.49%,67.07%,7.21%,10.86%,0.37%,0.00%,0.00%,,,,,,,,,,,,,,,,,,,
174,16.02%,73.72%,6.26%,2.98%,1.03%,0.00%,0.00%,,,,,,,,,,,,,,,,,,,
175,27.86%,58.37%,4.10%,9.16%,0.52%,0.00%,0.00%,,,,,,,,,,,,,,,,,,,
176,29.06%,52.55%,7.61%,9.94%,0.83%,0.00%,0.00%,,,,,,,,,,,,,,,,,,,
177,26.91%,60.58%,6.36%,3.22%,2.92%,0.00%,0.01%,,,,,,,,,,,,,,,,,,,
178,23.77%,60.66%,8.83%,5.69%,1.04%,0.00%,0.00%,,,,,,,,,,,,,,,,,,,
179,28.43%,53.19%,8.57%,8.75%,1.06%,0.00%,0.00%,,,,,,,,,,,,,,,,,,,
180,14.62%,62.01%,14.46%,8.64%,0.26%,0.00%,0.00%,,,,,,,,,,,,,,,,,,,
181,3.25%,66.91%,17.74%,11.33%,0.78%,0.00%,0.00%,,,,,,,,,,,,,,,,,,,
182,20.65%,61.62%,15.88%,1.66%,0.19%,0.00%,0.00%,,,,,,,,,,,,,,,,,,,
183,10.84%,65.02%,16.63%,6.76%,0.73%,0.00%,0.01%,,,,,,,,,,,,,,,,,,,
184,17.45%,62.20%,10.79%,8.93%,0.64%,0.00%,0.00%,,,,,,,,,,,,,,,,,,,
185,21.58%,65.67%,7.83%,4.67%,0.25%,0.00%,0.00%,,,,,,,,,,,,,,,,,,,
186,0.14%,68.89%,21.78%,8.31%,0.88%,0.00%,0.00%,,,,,,,,,,,,,,,,,,,
187,13.58%,66.38%,12.99%,6.45%,0.60%,0.00%,0.00%,,,,,,,,,,,,,,,,,,,
188,31.08%,57.97%,8.10%,1.96%,0.89%,0.00%,0.00%,,,,,,,,,,,,,,,,,,,
189,24.71%,64.29%,6.77%,3.72%,0.51%,0.00%,0.00%,,,,,,,,,,,,,,,,,,,
190,22.94%,65.42%,8.10%,2.68%,0.86%,0.00%,0.00%,,,,,,,,,,,,,,,,,,,
191,3.37%,70.86%,17.18%,7.29%,1.30%,0.00%,0.00%,,,,,,,,,,,,,,,,,,,
192,24.46%,65.81%,4.17%,4.79%,0.76%,0.00%,0.00%,,,,,,,,,,,,,,,,,,,
193,9.13%,71.54%,7.22%,11.68%,0.43%,0.00%,0.00%,,,,,,,,,,,,,,,,,,,
194,4.30%,77.85%,5.00%,11.62%,1.23%,0.00%,0.00%,,,,,,,,,,,,,,,,,,,
195,100.00%,0.00%,0.00%,0.00%,0.00%,0.00%,0.00%,,,,,,,,,,,,,,,,,,,
196,35.67%,56.46%,2.28%,3.99%,1.59%,0.00%,0.00%,,,,,,,,,,,,,,,,,,,
197,16.14%,73.81%,2.60%,6.53%,0.92%,0.00%,0.00%,,,,,,,,,,,,,,,,,,,
198,1.23%,79.05%,5.80%,12.04%,1.88%,0.00%,0.00%,,,,,,,,,,,,,,,,,,,
199,47.71%,45.23%,1.63%,3.46%,1.98%,0.00%,0.00%,,,,,,,,,,,,,,,,,,,
200,21.28%,67.12%,7.18%,3.47%,0.96%,0.00%,0.00%,,,,,,,,,,,,,,,,,,,
201,29.05%,64.61%,2.15%,2.80%,1.39%,0.00%,0.00%,,,,,,,,,,,,,,,,,,,
202,44.75%,46.72%,1.61%,3.59%,3.33%,0.00%,0.00%,,,,,,,,,,,,,,,,,,,
203,14.13%,68.91%,4.96%,11.48%,0.52%,0.00%,0.00%,,,,,,,,,,,,,,,,,,,
204,39.11%,49.32%,2.95%,7.42%,1.19%,0.00%,0.00%,,,,,,,,,,,,,,,,,,,
205,33.34%,53.42%,1.89%,7.95%,3.40%,0.00%,0.00%,,,,,,,,,,,,,,,,,,,
206,2.01%,78.80%,5.52%,12.99%,0.68%,0.00%,0.00%,,,,,,,,,,,,,,,,,,,
207,7.48%,76.43%,7.18%,7.01%,1.89%,0.00%,0.00%,,,,,,,,,,,,,,,,,,,
208,17.86%,59.93%,8.46%,11.74%,2.01%,0.00%,0.00%,,,,,,,,,,,,,,,,,,,
209,33.09%,62.23%,0.67%,1.38%,2.62%,0.00%,0.00%,,,,,,,,,,,,,,,,,,,
210,25.07%,66.22%,1.29%,5.35%,2.07%,0.00%,0.00%,,,,,,,,,,,,,,,,,,,
211,35.94%,55.80%,2.72%,4.73%,0.80%,0.00%,0.00%,,,,,,,,,,,,,,,,,,,
212,7.93%,75.81%,7.42%,8.46%,0.37%,0.00%,0.00%,,,,,,,,,,,,,,,,,,,
213,22.81%,65.54%,2.97%,7.93%,0.75%,0.00%,0.00%,,,,,,,,,,,,,,,,,,,
214,18.75%,71.99%,4.88%,3.83%,0.55%,0.00%,0.00%,,,,,,,,,,,,,,,,,,,
215,9.41%,66.27%,5.34%,16.59%,2.38%,0.00%,0.00%,,,,,,,,,,,,,,,,,,,
216,50.00%,50.00%,0.00%,0.00%,0.00%,0.00%,0.00%,,,,,,,,,,,,,,,,,,,
217,12.49%,68.59%,3.46%,13.70%,1.76%,0.00%,0.00%,,,,,,,,,,,,,,,,,,,
218,29.54%,58.01%,6.33%,5.43%,0.68%,0.00%,0.00%,,,,,,,,,,,,,,,,,,,
219,9.84%,74.63%,3.54%,11.65%,0.33%,0.00%,0.02%,,,,,,,,,,,,,,,,,,,
220,20.88%,63.63%,2.71%,11.67%,1.11%,0.00%,0.00%,,,,,,,,,,,,,,,,,,,
221,0.50%,76.71%,4.16%,17.15%,1.48%,0.00%,0.00%,,,,,,,,,,,,,,,,,,,
222,9.34%,78.04%,3.05%,9.36%,0.21%,0.00%,0.00%,,,,,,,,,,,,,,,,,,,
223,7.06%,75.10%,2.70%,14.20%,0.95%,0.00%,0.00%,,,,,,,,,,,,,,,,,,,
224,29.96%,62.00%,0.69%,5.43%,1.90%,0.00%,0.02%,,,,,,,,,,,,,,,,,,,
225,13.67%,73.34%,2.37%,10.10%,0.51%,0.00%,0.00%,,,,,,,,,,,,,,,,,,,
226,8.28%,81.82%,1.95%,7.55%,0.39%,0.00%,0.00%,,,,,,,,,,,,,,,,,,,
227,19.85%,70.51%,2.00%,6.53%,1.11%,0.00%,0.00%,,,,,,,,,,,,,,,,,,,
228,22.22%,67.24%,1.24%,7.91%,1.39%,0.00%,0.00%,,,,,,,,,,,,,,,,,,,
229,28.56%,61.18%,1.98%,6.03%,2.25%,0.00%,0.00%,,,,,,,,,,,,,,,,,,,
230,40.79%,50.47%,0.74%,6.36%,1.63%,0.00%,0.00%,,,,,,,,,,,,,,,,,,,
231,21.19%,68.66%,0.86%,7.22%,2.07%,0.00%,0.00%,,,,,,,,,,,,,,,,,,,
232,10.68%,73.62%,3.17%,10.00%,2.50%,0.00%,0.00%,,,,,,,,,,,,,,,,,,,
233,4.89%,79.44%,8.06%,7.26%,0.35%,0.00%,0.00%,,,,,,,,,,,,,,,,,,,
234,6.52%,73.18%,4.14%,15.68%,0.47%,0.00%,0.00%,,,,,,,,,,,,,,,,,,,
235,2.53%,80.65%,6.50%,9.68%,0.63%,0.00%,0.00%,,,,,,,,,,,,,,,,,,,
236,8.55%,76.40%,5.23%,9.32%,0.50%,0.00%,0.00%,,,,,,,,,,,,,,,,,,,
237,37.33%,51.97%,1.50%,8.14%,1.06%,0.00%,0.00%,,,,,,,,,,,,,,,,,,,
238,22.59%,66.72%,2.00%,7.74%,0.93%,0.00%,0.00%,,,,,,,,,,,,,,,,,,,
239,39.89%,55.96%,0.60%,2.23%,1.32%,0.00%,0.00%,,,,,,,,,,,,,,,,,,,
240,9.50%,80.88%,2.73%,6.75%,0.15%,0.00%,0.00%,,,,,,,,,,,,,,,,,,,
241,11.42%,74.38%,3.53%,9.63%,1.03%,0.00%,0.00%,,,,,,,,,,,,,,,,,,,
242,17.81%,67.14%,8.56%,6.22%,0.26%,0.00%,0.01%,,,,,,,,,,,,,,,,,,,
243,28.27%,56.44%,9.20%,5.42%,0.67%,0.00%,0.00%,,,,,,,,,,,,,,,,,,,
244,2.15%,73.26%,12.64%,11.24%,0.70%,0.00%,0.01%,,,,,,,,,,,,,,,,,,,
245,2.13%,60.91%,16.45%,17.54%,2.94%,0.00%,0.01%,,,,,,,,,,,,,,,,,,,
246,5.14%,68.85%,17.39%,8.08%,0.53%,0.00%,0.02%,,,,,,,,,,,,,,,,,,,
247,4.19%,76.87%,8.46%,9.74%,0.72%,0.00%,0.01%,,,,,,,,,,,,,,,,,,,
248,2.01%,75.66%,13.15%,9.02%,0.16%,0.00%,0.00%,,,,,,,,,,,,,,,,,,,
249,0.32%,66.42%,4.84%,26.79%,1.62%,0.00%,0.00%,,,,,,,,,,,,,,,,,,,
250,0.86%,67.69%,9.28%,21.44%,0.73%,0.00%,0.00%,,,,,,,,,,,,,,,,,,,
251,0.54%,68.98%,15.65%,14.56%,0.27%,0.00%,0.00%,,,,,,,,,,,,,,,,,,,
252,3.87%,72.18%,14.03%,9.51%,0.40%,0.00%,0.00%,,,,,,,,,,,,,,,,,,,
253,20.45%,67.05%,2.82%,8.81%,0.87%,0.00%,0.00%,,,,,,,,,,,,,,,,,,,
254,21.92%,66.69%,4.49%,5.93%,0.98%,0.00%,0.00%,,,,,,,,,,,,,,,,,,,
255,22.53%,64.32%,2.79%,9.50%,0.86%,0.00%,0.00%,,,,,,,,,,,,,,,,,,,
256,15.91%,67.16%,6.31%,10.26%,0.35%,0.00%,0.00%,,,,,,,,,,,,,,,,,,,
257,17.16%,67.08%,5.20%,10.02%,0.54%,0.00%,0.00%,,,,,,,,,,,,,,,,,,,
258,19.95%,70.94%,1.86%,6.26%,0.99%,0.00%,0.00%,,,,,,,,,,,,,,,,,,,
259,15.39%,72.21%,1.90%,7.90%,2.60%,0.00%,0.00%,,,,,,,,,,,,,,,,,,,
260,4.33%,79.16%,4.93%,11.37%,0.20%,0.00%,0.00%,,,,,,,,,,,,,,,,,,,
261,46.64%,48.72%,0.25%,4.04%,0.02%,0.33%,0.00%,,,,,,,,,,,,,,,,,,,
262,52.09%,46.29%,0.20%,1.35%,0.01%,0.05%,0.00%,,,,,,,,,,,,,,,,,,,
263,64.28%,34.48%,0.12%,1.06%,0.03%,0.02%,0.00%,,,,,,,,,,,,,,,,,,,
264,54.49%,43.52%,0.12%,1.76%,0.01%,0.10%,0.00%,,,,,,,,,,,,,,,,,,,
265,62.70%,36.04%,0.04%,1.15%,0.04%,0.03%,0.00%,,,,,,,,,,,,,,,,,,,
266,50.78%,45.15%,0.15%,3.70%,0.09%,0.13%,0.00%,,,,,,,,,,,,,,,,,,,
267,69.20%,29.00%,0.14%,1.41%,0.19%,0.07%,0.00%,,,,,,,,,,,,,,,,,,,
268,61.35%,37.14%,0.11%,1.34%,0.02%,0.04%,0.00%,,,,,,,,,,,,,,,,,,,
269,51.01%,47.49%,0.08%,1.25%,0.02%,0.14%,0.00%,,,,,,,,,,,,,,,,,,,
270,63.28%,34.54%,0.10%,2.02%,0.01%,0.05%,0.00%,,,,,,,,,,,,,,,,,,,
271,42.12%,54.81%,0.39%,2.06%,0.40%,0.23%,0.00%,,,,,,,,,,,,,,,,,,,
272,45.67%,51.88%,0.54%,1.89%,0.00%,0.03%,0.00%,,,,,,,,,,,,,,,,,,,
273,49.82%,47.23%,0.45%,2.30%,0.00%,0.19%,0.00%,,,,,,,,,,,,,,,,,,,
274,44.80%,52.62%,0.38%,2.02%,0.03%,0.15%,0.00%,,,,,,,,,,,,,,,,,,,
275,68.29%,29.59%,0.18%,1.89%,0.00%,0.05%,0.00%,,,,,,,,,,,,,,,,,,,
276,48.90%,47.75%,0.72%,1.69%,0.04%,0.91%,0.00%,,,,,,,,,,,,,,,,,,,
277,53.65%,45.41%,0.41%,0.51%,0.00%,0.03%,0.00%,,,,,,,,,,,,,,,,,,,
278,34.08%,62.48%,0.92%,2.25%,0.00%,0.27%,0.00%,,,,,,,,,,,,,,,,,,,
279,40.78%,57.65%,0.48%,0.96%,0.03%,0.09%,0.00%,,,,,,,,,,,,,,,,,,,
280,36.25%,59.79%,1.24%,2.52%,0.00%,0.20%,0.00%,,,,,,,,,,,,,,,,,,,
281,60.21%,38.45%,0.30%,0.91%,0.06%,0.07%,0.00%,,,,,,,,,,,,,,,,,,,
282,55.45%,41.82%,0.51%,1.93%,0.14%,0.16%,0.00%,,,,,,,,,,,,,,,,,,,
283,9.07%,63.19%,23.88%,3.31%,0.56%,0.00%,0.00%,,,,,,,,,,,,,,,,,,,
284,19.25%,57.03%,20.06%,2.11%,1.55%,0.00%,0.00%,,,,,,,,,,,,,,,,,,,
285,16.37%,62.29%,15.44%,5.44%,0.46%,0.00%,0.00%,,,,,,,,,,,,,,,,,,,
286,3.99%,86.74%,4.74%,4.28%,0.25%,0.00%,0.00%,,,,,,,,,,,,,,,,,,,
287,24.73%,64.80%,6.72%,3.41%,0.34%,0.00%,0.00%,,,,,,,,,,,,,,,,,,,
288,67.47%,27.74%,2.66%,0.47%,1.55%,0.00%,0.12%,,,,,,,,,,,,,,,,,,,
289,62.20%,29.67%,5.88%,0.92%,1.32%,0.00%,0.00%,,,,,,,,,,,,,,,,,,,
290,73.84%,22.31%,1.91%,0.44%,1.37%,0.00%,0.13%,,,,,,,,,,,,,,,,,,,
291,25.87%,63.09%,8.51%,2.37%,0.16%,0.00%,0.00%,,,,,,,,,,,,,,,,,,,
292,26.47%,63.00%,5.42%,4.57%,0.53%,0.00%,0.00%,,,,,,,,,,,,,,,,,,,
293,38.82%,51.84%,5.26%,3.66%,0.41%,0.00%,0.00%,,,,,,,,,,,,,,,,,,,
294,19.53%,66.82%,9.37%,3.87%,0.41%,0.00%,0.00%,,,,,,,,,,,,,,,,,,,
295,31.81%,60.65%,5.06%,2.04%,0.41%,0.00%,0.04%,,,,,,,,,,,,,,,,,,,
296,26.62%,64.59%,5.89%,1.90%,1.01%,0.00%,0.00%,,,,,,,,,,,,,,,,,,,
297,30.68%,58.39%,9.32%,1.50%,0.11%,0.00%,0.00%,,,,,,,,,,,,,,,,,,,
298,35.32%,55.74%,6.76%,1.51%,0.64%,0.00%,0.03%,,,,,,,,,,,,,,,,,,,
299,2.70%,43.24%,0.00%,2.70%,48.65%,0.00%,0.00%,,,,,,,,,,,,,,,,,,,
300,8.99%,73.77%,12.67%,2.32%,2.25%,0.00%,0.00%,,,,,,,,,,,,,,,,,,,
301,12.79%,64.11%,18.04%,4.98%,0.09%,0.00%,0.00%,,,,,,,,,,,,,,,,,,,
302,14.64%,68.86%,14.04%,2.08%,0.38%,0.00%,0.00%,,,,,,,,,,,,,,,,,,,
303,14.40%,72.40%,8.58%,3.98%,0.64%,0.00%,0.00%,,,,,,,,,,,,,,,,,,,
304,14.01%,71.75%,11.32%,2.49%,0.42%,0.00%,0.00%,,,,,,,,,,,,,,,,,,,
305,9.03%,67.97%,17.19%,5.71%,0.10%,0.00%,0.00%,,,,,,,,,,,,,,,,,,,
306,28.68%,59.74%,6.47%,4.25%,0.84%,0.00%,0.00%,,,,,,,,,,,,,,,,,,,
307,5.60%,74.01%,14.45%,5.74%,0.20%,0.00%,0.00%,,,,,,,,,,,,,,,,,,,
308,10.86%,73.18%,11.17%,3.80%,0.98%,0.00%,0.00%,,,,,,,,,,,,,,,,,,,
309,19.34%,63.91%,14.04%,1.52%,1.20%,0.00%,0.00%,,,,,,,,,,,,,,,,,,,
310,27.30%,51.86%,17.45%,1.25%,2.15%,0.00%,0.00%,,,,,,,,,,,,,,,,,,,
311,40.75%,43.20%,13.48%,0.86%,1.71%,0.00%,0.00%,,,,,,,,,,,,,,,,,,,
312,13.14%,71.46%,9.71%,3.27%,2.42%,0.00%,0.00%,,,,,,,,,,,,,,,,,,,
313,19.88%,63.47%,5.58%,5.04%,6.02%,0.00%,0.00%,,,,,,,,,,,,,,,,,,,
314,18.58%,55.25%,5.77%,3.46%,16.94%,0.00%,0.00%,,,,,,,,,,,,,,,,,,,
315,0.81%,86.94%,2.85%,8.76%,0.65%,0.00%,0.00%,,,,,,,,,,,,,,,,,,,
316,1.20%,83.71%,3.56%,9.48%,2.05%,0.00%,0.00%,,,,,,,,,,,,,,,,,,,
317,22.59%,68.82%,2.08%,5.98%,0.53%,0.00%,0.00%,,,,,,,,,,,,,,,,,,,
318,27.36%,62.58%,5.79%,3.80%,0.47%,0.00%,0.00%,,,,,,,,,,,,,,,,,,,
319,27.44%,57.04%,4.95%,9.45%,1.11%,0.00%,0.00%,,,,,,,,,,,,,,,,,,,
320,26.94%,58.26%,7.09%,7.23%,0.49%,0.00%,0.00%,,,,,,,,,,,,,,,,,,,
321,48.30%,46.51%,1.63%,2.29%,1.27%,0.00%,0.00%,,,,,,,,,,,,,,,,,,,
322,25.33%,56.74%,5.67%,7.24%,5.01%,0.00%,0.00%,,,,,,,,,,,,,,,,,,,
323,36.96%,49.56%,8.10%,4.63%,0.75%,0.00%,0.00%,,,,,,,,,,,,,,,,,,,
324,28.88%,55.01%,13.87%,1.90%,0.34%,0.00%,0.00%,,,,,,,,,,,,,,,,,,,
325,39.46%,49.82%,7.84%,2.14%,0.74%,0.00%,0.00%,,,,,,,,,,,,,,,,,,,
326,50.27%,41.30%,2.62%,3.80%,2.00%,0.00%,0.00%,,,,,,,,,,,,,,,,,,,
327,20.67%,65.33%,7.02%,6.53%,0.45%,0.00%,0.00%,,,,,,,,,,,,,,,,,,,
328,44.68%,49.57%,3.02%,2.09%,0.65%,0.00%,0.00%,,,,,,,,,,,,,,,,,,,
329,33.56%,52.73%,4.39%,3.44%,5.88%,0.00%,0.00%,,,,,,,,,,,,,,,,,,,
330,50.37%,43.04%,2.32%,3.64%,0.63%,0.00%,0.00%,,,,,,,,,,,,,,,,,,,
331,2.17%,71.43%,8.16%,17.27%,0.95%,0.00%,0.01%,,,,,,,,,,,,,,,,,,,
332,7.67%,73.01%,8.61%,9.73%,0.72%,0.00%,0.27%,,,,,,,,,,,,,,,,,,,
333,27.26%,65.02%,2.61%,4.53%,0.57%,0.00%,0.01%,,,,,,,,,,,,,,,,,,,
334,5.91%,77.23%,8.24%,7.95%,0.67%,0.00%,0.00%,,,,,,,,,,,,,,,,,,,
335,39.32%,48.23%,7.10%,3.88%,1.44%,0.00%,0.02%,,,,,,,,,,,,,,,,,,,
336,20.26%,67.18%,4.95%,6.74%,0.82%,0.00%,0.04%,,,,,,,,,,,,,,,,,,,
337,4.62%,75.37%,10.82%,8.67%,0.49%,0.00%,0.03%,,,,,,,,,,,,,,,,,,,
338,54.77%,35.80%,3.06%,3.88%,2.48%,0.00%,0.02%,,,,,,,,,,,,,,,,,,,
339,53.22%,34.92%,3.08%,6.10%,2.67%,0.00%,0.00%,,,,,,,,,,,,,,,,,,,
340,59.15%,32.25%,0.79%,3.89%,3.86%,0.06%,0.00%,,,,,,,,,,,,,,,,,,,
341,63.97%,29.86%,1.50%,2.83%,1.85%,0.00%,0.00%,,,,,,,,,,,,,,,,,,,
342,48.79%,40.55%,5.89%,3.63%,1.13%,0.00%,0.00%,,,,,,,,,,,,,,,,,,,
343,55.01%,39.93%,1.59%,2.13%,1.35%,0.00%,0.00%,,,,,,,,,,,,,,,,,,,
344,41.58%,45.35%,7.99%,2.84%,2.24%,0.00%,0.00%,,,,,,,,,,,,,,,,,,,
345,59.09%,28.08%,2.93%,5.67%,4.23%,0.00%,0.00%,,,,,,,,,,,,,,,,,,,
346,44.87%,44.40%,1.31%,4.66%,4.76%,0.00%,0.00%,,,,,,,,,,,,,,,,,,,
347,61.37%,31.92%,1.22%,0.82%,4.67%,0.00%,0.00%,,,,,,,,,,,,,,,,,,,
348,42.68%,48.18%,1.42%,5.15%,2.56%,0.00%,0.00%,,,,,,,,,,,,,,,,,,,
349,12.18%,69.63%,3.24%,9.42%,5.52%,0.00%,0.00%,,,,,,,,,,,,,,,,,,,
350,0.20%,75.37%,6.35%,17.73%,0.34%,0.00%,0.01%,,,,,,,,,,,,,,,,,,,
351,2.36%,78.77%,14.59%,2.60%,1.69%,0.00%,0.00%,,,,,,,,,,,,,,,,,,,
352,26.93%,59.00%,7.03%,5.55%,1.45%,0.00%,0.03%,,,,,,,,,,,,,,,,,,,
353,35.82%,53.55%,3.95%,2.30%,4.38%,0.00%,0.00%,,,,,,,,,,,,,,,,,,,
354,26.33%,63.24%,6.78%,2.23%,1.42%,0.00%,0.00%,,,,,,,,,,,,,,,,,,,
355,30.41%,58.54%,4.21%,4.34%,2.50%,0.00%,0.00%,,,,,,,,,,,,,,,,,,,
356,30.33%,57.30%,5.82%,2.79%,3.76%,0.00%,0.00%,,,,,,,,,,,,,,,,,,,
357,44.32%,47.24%,3.65%,1.11%,3.62%,0.00%,0.00%,,,,,,,,,,,,,,,,,,,
358,18.13%,58.30%,11.65%,8.12%,3.74%,0.00%,0.06%,,,,,,,,,,,,,,,,,,,
359,33.25%,50.60%,5.17%,2.46%,8.52%,0.00%,0.00%,,,,,,,,,,,,,,,,,,,
360,7.36%,71.48%,17.67%,2.20%,1.30%,0.00%,0.00%,,,,,,,,,,,,,,,,,,,
361,19.95%,58.01%,18.92%,0.48%,2.64%,0.00%,0.00%,,,,,,,,,,,,,,,,,,,
362,17.92%,58.48%,19.51%,3.37%,0.72%,0.00%,0.00%,,,,,,,,,,,,,,,,,,,
363,26.83%,52.70%,17.71%,1.76%,1.01%,0.00%,0.00%,,,,,,,,,,,,,,,,,,,
364,9.36%,71.16%,14.81%,3.07%,1.59%,0.00%,0.00%,,,,,,,,,,,,,,,,,,,
365,26.71%,58.72%,7.25%,6.31%,1.01%,0.00%,0.00%,,,,,,,,,,,,,,,,,,,
366,26.28%,57.14%,13.35%,2.41%,0.79%,0.00%,0.03%,,,,,,,,,,,,,,,,,,,
367,29.24%,63.13%,3.05%,3.38%,1.20%,0.00%,0.00%,,,,,,,,,,,,,,,,,,,
368,26.12%,57.71%,8.25%,6.37%,1.42%,0.00%,0.00%,,,,,,,,,,,,,,,,,,,
369,28.82%,59.72%,6.34%,3.95%,1.18%,0.00%,0.00%,,,,,,,,,,,,,,,,,,,
370,26.09%,57.16%,5.76%,9.77%,1.22%,0.00%,0.00%,,,,,,,,,,,,,,,,,,,
371,0.94%,67.31%,16.18%,14.89%,0.68%,0.00%,0.00%,,,,,,,,,,,,,,,,,,,
372,37.01%,49.68%,3.45%,8.46%,1.40%,0.00%,0.00%,,,,,,,,,,,,,,,,,,,
373,16.47%,64.74%,10.99%,7.34%,0.45%,0.00%,0.00%,,,,,,,,,,,,,,,,,,,
374,32.38%,57.35%,5.57%,3.02%,1.68%,0.00%,0.00%,,,,,,,,,,,,,,,,,,,
375,46.09%,45.09%,5.01%,2.32%,1.49%,0.00%,0.00%,,,,,,,,,,,,,,,,,,,
376,11.30%,71.52%,13.72%,2.47%,0.98%,0.00%,0.00%,,,,,,,,,,,,,,,,,,,
377,18.37%,68.89%,9.27%,2.26%,1.22%,0.00%,0.00%,,,,,,,,,,,,,,,,,,,
378,34.59%,61.81%,1.79%,1.58%,0.07%,0.15%,0.00%,,,,,,,,,,,,,,,,,,,
379,49.40%,48.60%,0.40%,1.15%,0.35%,0.09%,0.00%,,,,,,,,,,,,,,,,,,,
380,47.21%,48.84%,0.48%,0.60%,1.94%,0.36%,0.00%,,,,,,,,,,,,,,,,,,,
381,0.23%,7.53%,0.23%,0.00%,92.01%,0.00%,0.00%,,,,,,,,,,,,,,,,,,,
382,67.69%,31.04%,0.03%,0.65%,0.14%,0.45%,0.00%,,,,,,,,,,,,,,,,,,,
383,0.14%,0.09%,0.00%,0.00%,99.77%,0.00%,0.00%,,,,,,,,,,,,,,,,,,,
384,50.84%,46.49%,0.12%,0.55%,1.83%,0.17%,0.00%,,,,,,,,,,,,,,,,,,,
385,64.90%,31.99%,0.14%,2.41%,0.31%,0.25%,0.00%,,,,,,,,,,,,,,,,,,,
386,33.10%,61.48%,0.72%,3.76%,0.03%,0.90%,0.00%,,,,,,,,,,,,,,,,,,,
387,38.59%,57.37%,0.62%,2.78%,0.14%,0.50%,0.00%,,,,,,,,,,,,,,,,,,,
388,57.09%,40.97%,0.33%,1.22%,0.08%,0.31%,0.00%,,,,,,,,,,,,,,,,,,,
389,63.75%,34.93%,0.25%,0.92%,0.04%,0.11%,0.00%,,,,,,,,,,,,,,,,,,,
390,49.04%,48.88%,0.28%,1.36%,0.08%,0.36%,0.00%,,,,,,,,,,,,,,,,,,,
391,71.61%,26.19%,0.12%,1.78%,0.06%,0.23%,0.00%,,,,,,,,,,,,,,,,,,,
392,73.08%,23.78%,0.19%,1.00%,1.71%,0.17%,0.08%,,,,,,,,,,,,,,,,,,,
393,70.49%,28.55%,0.03%,0.83%,0.00%,0.10%,0.00%,,,,,,,,,,,,,,,,,,,
394,68.97%,29.06%,0.20%,1.44%,0.00%,0.32%,0.00%,,,,,,,,,,,,,,,,,,,
395,46.87%,51.25%,0.40%,1.22%,0.15%,0.10%,0.00%,,,,,,,,,,,,,,,,,,,
396,32.40%,63.47%,0.78%,2.56%,0.22%,0.56%,0.00%,,,,,,,,,,,,,,,,,,,
397,31.69%,61.60%,0.48%,5.15%,0.02%,1.06%,0.00%,,,,,,,,,,,,,,,,,,,
398,44.04%,52.17%,0.34%,2.85%,0.10%,0.51%,0.00%,,,,,,,,,,,,,,,,,,,
399,49.14%,47.52%,0.40%,2.27%,0.03%,0.65%,0.00%,,,,,,,,,,,,,,,,,,,
400,43.92%,51.89%,0.29%,2.38%,0.42%,1.11%,0.00%,,,,,,,,,,,,,,,,,,,
401,53.22%,43.25%,0.35%,0.94%,2.13%,0.10%,0.00%,,,,,,,,,,,,,,,,,,,
402,58.36%,37.32%,0.18%,2.66%,0.32%,1.15%,0.00%,,,,,,,,,,,,,,,,,,,
403,61.03%,38.15%,0.06%,0.71%,0.01%,0.04%,0.00%,,,,,,,,,,,,,,,,,,,
404,54.71%,42.43%,0.26%,0.94%,1.47%,0.20%,0.00%,,,,,,,,,,,,,,,,,,,
405,46.20%,50.25%,0.57%,2.40%,0.10%,0.47%,0.00%,,,,,,,,,,,,,,,,,,,
406,41.30%,53.57%,0.89%,3.12%,0.22%,0.91%,0.00%,,,,,,,,,,,,,,,,,,,
407,51.79%,46.99%,0.17%,0.99%,0.01%,0.06%,0.00%,,,,,,,,,,,,,,,,,,,
408,39.07%,56.60%,0.34%,3.46%,0.28%,0.25%,0.00%,,,,,,,,,,,,,,,,,,,
409,50.79%,47.84%,0.16%,0.90%,0.07%,0.24%,0.00%,,,,,,,,,,,,,,,,,,,
410,71.80%,27.82%,0.02%,0.34%,0.00%,0.03%,0.00%,,,,,,,,,,,,,,,,,,,
411,57.88%,40.92%,0.12%,0.57%,0.32%,0.17%,0.00%,,,,,,,,,,,,,,,,,,,
412,37.81%,59.05%,0.47%,1.87%,0.09%,0.72%,0.00%,,,,,,,,,,,,,,,,,,,
413,60.03%,38.81%,0.07%,0.69%,0.20%,0.20%,0.00%,,,,,,,,,,,,,,,,,,,
414,48.93%,48.95%,0.22%,1.14%,0.24%,0.52%,0.00%,,,,,,,,,,,,,,,,,,,
415,42.57%,54.03%,0.59%,1.80%,0.80%,0.21%,0.00%,,,,,,,,,,,,,,,,,,,
416,40.38%,56.49%,0.57%,1.56%,0.32%,0.67%,0.00%,,,,,,,,,,,,,,,,,,,
417,52.78%,44.52%,0.29%,1.79%,0.06%,0.56%,0.00%,,,,,,,,,,,,,,,,,,,
418,48.97%,48.75%,0.77%,0.91%,0.10%,0.50%,0.00%,,,,,,,,,,,,,,,,,,,
419,54.59%,41.21%,0.58%,2.65%,0.44%,0.53%,0.00%,,,,,,,,,,,,,,,,,,,
420,45.60%,51.98%,0.67%,0.93%,0.53%,0.29%,0.00%,,,,,,,,,,,,,,,,,,,
421,35.83%,61.97%,0.41%,1.24%,0.32%,0.23%,0.00%,,,,,,,,,,,,,,,,,,,
422,39.34%,58.63%,0.49%,1.18%,0.10%,0.26%,0.00%,,,,,,,,,,,,,,,,,,,
423,55.87%,42.87%,0.19%,0.93%,0.07%,0.07%,0.00%,,,,,,,,,,,,,,,,,,,
424,52.85%,45.84%,0.50%,0.50%,0.09%,0.22%,0.00%,,,,,,,,,,,,,,,,,,,
425,47.10%,50.25%,0.54%,0.86%,0.31%,0.94%,0.00%,,,,,,,,,,,,,,,,,,,
426,47.45%,51.20%,0.36%,0.67%,0.01%,0.31%,0.00%,,,,,,,,,,,,,,,,,,,
427,60.65%,38.41%,0.07%,0.45%,0.10%,0.32%,0.00%,,,,,,,,,,,,,,,,,,,
428,54.66%,43.40%,0.14%,1.14%,0.10%,0.56%,0.00%,,,,,,,,,,,,,,,,,,,
429,58.07%,40.84%,0.06%,0.91%,0.01%,0.11%,0.00%,,,,,,,,,,,,,,,,,,,
430,75.51%,23.72%,0.08%,0.48%,0.16%,0.06%,0.00%,,,,,,,,,,,,,,,,,,,
431,59.27%,33.40%,0.19%,3.71%,0.13%,3.30%,0.00%,,,,,,,,,,,,,,,,,,,
432,66.35%,31.60%,0.22%,0.68%,0.00%,1.14%,0.00%,,,,,,,,,,,,,,,,,,,
433,56.88%,41.00%,0.26%,1.08%,0.19%,0.59%,0.00%,,,,,,,,,,,,,,,,,,,
434,51.57%,44.48%,0.76%,1.57%,0.29%,1.34%,0.00%,,,,,,,,,,,,,,,,,,,
435,68.21%,26.49%,0.28%,1.61%,2.60%,0.67%,0.00%,,,,,,,,,,,,,,,,,,,
436,48.74%,47.78%,0.54%,1.26%,0.68%,1.00%,0.00%,,,,,,,,,,,,,,,,,,,
437,36.91%,58.85%,0.88%,1.89%,0.83%,0.64%,0.00%,,,,,,,,,,,,,,,,,,,
438,65.75%,33.10%,0.11%,0.65%,0.11%,0.28%,0.00%,,,,,,,,,,,,,,,,,,,
439,54.80%,42.96%,0.19%,1.23%,0.35%,0.47%,0.00%,,,,,,,,,,,,,,,,,,,
440,0.03%,14.50%,0.00%,0.00%,85.46%,0.00%,0.00%,,,,,,,,,,,,,,,,,,,
441,71.49%,28.17%,0.05%,0.07%,0.15%,0.07%,0.00%,,,,,,,,,,,,,,,,,,,
442,81.89%,17.56%,0.03%,0.29%,0.04%,0.19%,0.00%,,,,,,,,,,,,,,,,,,,
443,76.96%,22.17%,0.15%,0.32%,0.00%,0.40%,0.00%,,,,,,,,,,,,,,,,,,,
444,62.99%,33.67%,0.40%,0.78%,0.48%,1.67%,0.00%,,,,,,,,,,,,,,,,,,,
445,91.55%,6.99%,0.23%,0.18%,0.80%,0.25%,0.00%,,,,,,,,,,,,,,,,,,,
446,73.65%,24.97%,0.01%,0.12%,1.00%,0.24%,0.00%,,,,,,,,,,,,,,,,,,,
447,75.27%,15.94%,0.27%,0.13%,7.59%,0.20%,0.60%,,,,,,,,,,,,,,,,,,,
448,55.62%,41.96%,0.43%,0.84%,0.24%,0.91%,0.00%,,,,,,,,,,,,,,,,,,,
449,54.81%,43.14%,0.19%,1.15%,0.00%,0.71%,0.00%,,,,,,,,,,,,,,,,,,,
450,1.39%,3.80%,0.00%,0.00%,94.74%,0.07%,0.00%,,,,,,,,,,,,,,,,,,,
451,0.13%,14.29%,0.00%,0.00%,85.59%,0.00%,0.00%,,,,,,,,,,,,,,,,,,,
452,17.59%,0.37%,2.88%,0.03%,77.97%,0.00%,1.16%,,,,,,,,,,,,,,,,,,,
453,33.93%,46.56%,0.42%,0.36%,17.63%,1.09%,0.00%,,,,,,,,,,,,,,,,,,,
454,80.33%,19.40%,0.04%,0.07%,0.00%,0.16%,0.00%,,,,,,,,,,,,,,,,,,,
455,56.06%,39.49%,0.23%,0.20%,3.62%,0.25%,0.00%,,,,,,,,,,,,,,,,,,,
456,77.18%,21.79%,0.01%,0.07%,0.76%,0.19%,0.00%,,,,,,,,,,,,,,,,,,,
457,65.96%,33.58%,0.01%,0.15%,0.00%,0.30%,0.00%,,,,,,,,,,,,,,,,,,,
458,78.21%,21.22%,0.12%,0.12%,0.04%,0.30%,0.00%,,,,,,,,,,,,,,,,,,,
459,71.12%,27.18%,0.12%,0.23%,0.58%,0.77%,0.00%,,,,,,,,,,,,,,,,,,,
460,41.59%,56.25%,0.59%,0.71%,0.01%,0.85%,0.00%,,,,,,,,,,,,,,,,,,,
461,43.24%,53.05%,0.39%,0.95%,0.06%,2.30%,0.00%,,,,,,,,,,,,,,,,,,,
462,39.85%,57.46%,0.52%,0.84%,0.51%,0.83%,0.00%,,,,,,,,,,,,,,,,,,,
463,54.47%,41.93%,0.17%,0.62%,2.13%,0.66%,0.02%,,,,,,,,,,,,,,,,,,,
464,55.14%,43.13%,0.21%,0.60%,0.07%,0.84%,0.00%,,,,,,,,,,,,,,,,,,,
465,44.20%,54.67%,0.34%,0.39%,0.01%,0.39%,0.00%,,,,,,,,,,,,,,,,,,,
466,38.75%,59.23%,0.39%,1.00%,0.01%,0.61%,0.00%,,,,,,,,,,,,,,,,,,,
467,37.13%,60.09%,0.50%,1.28%,0.06%,0.95%,0.00%,,,,,,,,,,,,,,,,,,,
468,41.10%,56.99%,0.41%,0.55%,0.18%,0.77%,0.00%,,,,,,,,,,,,,,,,,,,
469,37.95%,57.55%,0.62%,1.59%,0.66%,1.63%,0.00%,,,,,,,,,,,,,,,,,,,
470,69.71%,28.66%,0.08%,0.31%,0.62%,0.62%,0.00%,,,,,,,,,,,,,,,,,,,
471,54.21%,43.68%,0.20%,0.90%,0.14%,0.87%,0.00%,,,,,,,,,,,,,,,,,,,
472,29.36%,64.79%,1.19%,1.97%,0.24%,2.45%,0.00%,,,,,,,,,,,,,,,,,,,
473,30.46%,61.81%,0.90%,1.84%,0.15%,4.84%,0.00%,,,,,,,,,,,,,,,,,,,
474,43.31%,53.83%,0.76%,0.96%,0.19%,0.91%,0.00%,,,,,,,,,,,,,,,,,,,
475,53.52%,43.23%,0.73%,0.58%,0.42%,1.52%,0.00%,,,,,,,,,,,,,,,,,,,
476,63.00%,34.43%,0.22%,0.67%,0.76%,0.91%,0.00%,,,,,,,,,,,,,,,,,,,
477,58.24%,40.38%,0.22%,0.46%,0.27%,0.42%,0.00%,,,,,,,,,,,,,,,,,,,
478,44.04%,52.64%,0.25%,1.12%,0.29%,1.67%,0.00%,,,,,,,,,,,,,,,,,,,
479,30.84%,66.89%,0.36%,1.42%,0.06%,0.44%,0.00%,,,,,,,,,,,,,,,,,,,
480,38.70%,56.66%,0.51%,0.95%,2.22%,0.86%,0.04%,,,,,,,,,,,,,,,,,,,
481,33.59%,64.01%,0.19%,1.70%,0.19%,0.32%,0.00%,,,,,,,,,,,,,,,,,,,
482,40.44%,42.03%,0.03%,1.60%,15.83%,0.06%,0.00%,,,,,,,,,,,,,,,,,,,
483,7.38%,44.05%,0.22%,0.59%,47.64%,0.07%,0.04%,,,,,,,,,,,,,,,,,,,
484,49.33%,26.83%,0.01%,0.82%,23.02%,0.00%,0.00%,,,,,,,,,,,,,,,,,,,
485,70.06%,20.44%,0.01%,0.04%,9.39%,0.00%,0.00%,,,,,,,,,,,,,,,,,,,
486,62.75%,25.79%,0.01%,0.17%,10.64%,0.00%,0.00%,,,,,,,,,,,,,,,,,,,
487,43.77%,25.66%,0.07%,0.84%,29.64%,0.00%,0.00%,,,,,,,,,,,,,,,,,,,
488,45.52%,46.09%,0.06%,1.45%,6.87%,0.00%,0.00%,,,,,,,,,,,,,,,,,,,
489,39.83%,56.65%,0.13%,1.33%,2.06%,0.00%,0.00%,,,,,,,,,,,,,,,,,,,
490,41.41%,55.44%,0.12%,1.26%,1.77%,0.00%,0.00%,,,,,,,,,,,,,,,,,,,
491,47.73%,48.81%,0.36%,1.24%,1.86%,0.00%,0.00%,,,,,,,,,,,,,,,,,,,
492,53.46%,44.03%,0.12%,1.28%,1.09%,0.00%,0.00%,,,,,,,,,,,,,,,,,,,
493,58.53%,39.64%,0.06%,0.43%,1.34%,0.00%,0.00%,,,,,,,,,,,,,,,,,,,
494,57.08%,41.61%,0.10%,1.05%,0.16%,0.00%,0.00%,,,,,,,,,,,,,,,,,,,
495,49.00%,41.11%,0.12%,6.37%,3.39%,0.01%,0.00%,,,,,,,,,,,,,,,,,,,
496,12.95%,43.39%,2.25%,12.93%,28.43%,0.04%,0.00%,,,,,,,,,,,,,,,,,,,
497,10.14%,71.98%,1.04%,15.17%,1.65%,0.01%,0.01%,,,,,,,,,,,,,,,,,,,
498,41.85%,53.11%,0.36%,2.25%,1.92%,0.45%,0.00%,,,,,,,,,,,,,,,,,,,
499,45.52%,52.50%,0.09%,0.53%,0.20%,1.16%,0.00%,,,,,,,,,,,,,,,,,,,
500,47.09%,51.88%,0.11%,0.85%,0.06%,0.01%,0.00%,,,,,,,,,,,,,,,,,,,
501,37.55%,60.99%,0.08%,1.35%,0.03%,0.00%,0.00%,,,,,,,,,,,,,,,,,,,
502,42.00%,56.77%,0.14%,0.75%,0.33%,0.00%,0.00%,,,,,,,,,,,,,,,,,,,
503,60.71%,38.10%,0.07%,0.63%,0.01%,0.48%,0.00%,,,,,,,,,,,,,,,,,,,
504,47.86%,50.75%,0.12%,0.80%,0.06%,0.42%,0.00%,,,,,,,,,,,,,,,,,,,
505,46.55%,50.82%,0.29%,0.90%,0.10%,1.33%,0.00%,,,,,,,,,,,,,,,,,,,
506,54.50%,43.14%,0.24%,0.73%,0.25%,1.00%,0.15%,,,,,,,,,,,,,,,,,,,
507,57.37%,40.71%,0.20%,0.76%,0.22%,0.73%,0.00%,,,,,,,,,,,,,,,,,,,
508,60.05%,34.77%,0.53%,0.92%,2.55%,1.10%,0.00%,,,,,,,,,,,,,,,,,,,
509,50.15%,46.55%,0.30%,1.16%,0.47%,1.37%,0.00%,,,,,,,,,,,,,,,,,,,
510,90.00%,8.31%,0.04%,0.03%,1.36%,0.27%,0.00%,,,,,,,,,,,,,,,,,,,
511,52.91%,44.49%,0.09%,2.33%,0.02%,0.16%,0.00%,,,,,,,,,,,,,,,,,,,
512,77.33%,19.87%,0.19%,0.51%,1.68%,0.42%,0.00%,,,,,,,,,,,,,,,,,,,
513,55.87%,41.57%,0.17%,1.28%,0.01%,1.11%,0.00%,,,,,,,,,,,,,,,,,,,
514,51.37%,46.54%,0.16%,1.50%,0.00%,0.43%,0.00%,,,,,,,,,,,,,,,,,,,
515,60.38%,37.43%,0.12%,1.58%,0.48%,0.01%,0.00%,,,,,,,,,,,,,,,,,,,
516,53.94%,43.36%,0.05%,1.99%,0.63%,0.02%,0.00%,,,,,,,,,,,,,,,,,,,
517,55.56%,42.74%,0.08%,1.23%,0.35%,0.05%,0.00%,,,,,,,,,,,,,,,,,,,
518,44.05%,52.17%,0.11%,2.58%,1.08%,0.01%,0.00%,,,,,,,,,,,,,,,,,,,
519,47.29%,49.16%,0.15%,2.77%,0.56%,0.05%,0.02%,,,,,,,,,,,,,,,,,,,
520,57.54%,40.82%,0.09%,1.26%,0.05%,0.23%,0.00%,,,,,,,,,,,,,,,,,,,
521,49.70%,48.09%,0.12%,1.08%,0.13%,0.86%,0.02%,,,,,,,,,,,,,,,,,,,
522,48.16%,49.42%,0.11%,1.38%,0.01%,0.93%,0.00%,,,,,,,,,,,,,,,,,,,
523,48.67%,48.61%,0.11%,1.21%,0.22%,1.18%,0.00%,,,,,,,,,,,,,,,,,,,
524,44.20%,51.30%,0.44%,2.46%,0.09%,1.50%,0.00%,,,,,,,,,,,,,,,,,,,
525,43.89%,48.88%,0.19%,1.19%,0.11%,5.73%,0.00%,,,,,,,,,,,,,,,,,,,
526,47.02%,48.14%,0.21%,1.86%,0.02%,2.75%,0.00%,,,,,,,,,,,,,,,,,,,
527,44.63%,51.47%,0.18%,1.02%,0.53%,2.17%,0.00%,,,,,,,,,,,,,,,,,,,
528,46.42%,50.25%,0.12%,2.29%,0.09%,0.83%,0.00%,,,,,,,,,,,,,,,,,,,
529,55.20%,41.15%,0.18%,1.36%,1.78%,0.24%,0.09%,,,,,,,,,,,,,,,,,,,
530,58.70%,37.73%,0.22%,1.80%,0.57%,0.99%,0.00%,,,,,,,,,,,,,,,,,,,
531,41.07%,54.42%,0.26%,2.99%,0.05%,1.21%,0.00%,,,,,,,,,,,,,,,,,,,
532,48.44%,48.19%,0.23%,1.80%,0.24%,1.11%,0.00%,,,,,,,,,,,,,,,,,,,
533,51.96%,44.94%,0.11%,1.52%,0.01%,1.45%,0.00%,,,,,,,,,,,,,,,,,,,
534,65.13%,31.62%,0.02%,0.19%,0.00%,3.04%,0.00%,,,,,,,,,,,,,,,,,,,
535,44.15%,47.35%,0.30%,5.94%,0.02%,2.24%,0.00%,,,,,,,,,,,,,,,,,,,
536,61.66%,35.28%,0.08%,1.72%,0.25%,1.01%,0.00%,,,,,,,,,,,,,,,,,,,
537,38.74%,50.14%,0.20%,7.14%,0.09%,3.71%,0.00%,,,,,,,,,,,,,,,,,,,
538,14.09%,64.35%,16.78%,4.31%,0.47%,0.00%,0.00%,,,,,,,,,,,,,,,,,,,
539,17.62%,65.88%,13.21%,2.92%,0.37%,0.00%,0.00%,,,,,,,,,,,,,,,,,,,
540,20.24%,64.25%,9.59%,5.48%,0.43%,0.00%,0.00%,,,,,,,,,,,,,,,,,,,
541,47.17%,46.05%,0.18%,2.44%,0.25%,3.90%,0.00%,,,,,,,,,,,,,,,,,,,
542,56.84%,41.47%,0.06%,1.53%,0.08%,0.01%,0.00%,,,,,,,,,,,,,,,,,,,
543,41.79%,52.03%,0.04%,0.86%,0.02%,0.11%,5.14%,,,,,,,,,,,,,,,,,,,
544,45.93%,47.98%,0.13%,1.87%,0.34%,0.39%,3.36%,,,,,,,,,,,,,,,,,,,
545,16.59%,57.90%,16.03%,7.51%,1.18%,0.66%,0.12%,,,,,,,,,,,,,,,,,,,
546,22.11%,68.22%,5.24%,3.64%,0.64%,0.06%,0.08%,,,,,,,,,,,,,,,,,,,